Tema,Indicador,Descripción,Año,Aguascalientes,Baja California,Baja California Sur,Campeche,Coahuila,Colima,Chiapas,Chihuahua,Ciudad de México,Durango,Guanajuato,Guerrero,Hidalgo,Jalisco,México,Michoacán,Morelos,Nayarit,Nuevo León,Oaxaca,Puebla,Querétaro,Quintana Roo,San Luis Potosí,Sinaloa,Sonora,Tabasco,Tamaulipas,Tlaxcala,Veracruz,Yucatán,Zacatecas,,,
Medio Ambiente,Áreas naturales protegidas de competencia todas las competencias,"Las Áreas Naturales Protegidas son las herramientas más efectivas para conservar los ecosistemas, permitir la adaptación de la biodiversidad y enfrentar los efectos del cambio climático.",NA,NA,NA,NA,NA,NA,NA,NA,NA,NA,NA,NA,NA,NA,NA,NA,NA,NA,NA,NA,NA,NA,NA,NA,NA,NA,NA,NA,NA,NA,NA,NA,NA,,,
Económico,Aves Producción (toneladas),"Es el volumen de la producción resultado de la crianza de gallinas, de donde deriva la producción de alimentos para consumo humano y otros artículos.",2023,554975.4,1489.9,1022.7,30625.4,120798.6,17377.6,309480.8,4272.7,65.9,358886.5,290037.2,15501.7,119122.3,579564.8,150322,96728.9,88837,50991.2,100391.5,17483.9,271976.7,492452.3,8708.6,141783.3,194992.5,56336.7,29050,566.2,1090.7,695965.2,233394.9,4051.4,,,
Económico,Aves Valor de la Producción (miles de pesos),El valor de la producción de ganado es la suma del precio promedio multiplicado por el volumen de producción de los productos de origen animal.,2023,15102483.87,36478.03,32926.88,878718.65,2844282.51,479582.9,8797756.27,106089.87,2144.98,9570933.95,7992574.85,501439.14,3334169.73,15168048.74,4668837.47,2258756.73,2558241.47,1324521.57,2664776.39,457455.05,6482940.17,14236738.32,314687.13,3886022.37,5175765.62,1472224.39,940274.49,14001.57,32817.13,18625609.14,7049547.23,121354.65,,,
Gobierno,Barometro de Información Presupuestal Estatal BIPE,El Barómetro de Información Presupuestal Estatal (BIPE) del Instituto Mexicano para la Competitividad (IMCO) evalúa la calidad y el nivel de transparencia de la información presupuestal de los gobiernos estatales.,2023,96.55,100,87.07,99.14,100,98.28,95.69,92.24,80.81,94.83,100,69.83,97.41,100,89.66,83.62,78.45,99.14,100,94.83,99.14,99.14,100,80.17,99.14,76.72,93.1,91.38,95.69,94.83,100,86.21,,,
Género,Brecha de ingresos por género #Con Lupa de Género (Porcentaje),Valor absoluto de la diferencia de ingresos mensuales promedio de hombres y mujeres dividida entre los ingresos mensuales promedio de los hombres,2024,10.4,15.9,22.4,13.5,15.7,25.4,8.8,13.8,6.1,14.3,17.3,14.3,16.3,19.2,16.3,20.8,21.5,19.8,16.4,20.6,15.6,17.4,17.3,6.5,18.5,13.3,16.5,15.9,22.4,9.7,21.9,14.1,,,
Medio Ambiente,Capacidad instalada en las PTARs  (Litros por segundo),Capacidad instala en medida de litros por segundo de las plantas de tratamiento en operación.,2024,5592.947,7717.2,3239.29,5531.98,5892.8,2750.5,1285.12,10277.2,5502,3877.87,7791.19,1759.51,1985.6028,16427.59,12123.2,4145,5023.213602,3466.83,16167,7543.54,4382.143,2434.18,3326,3498.9714,6789.59,8651.10064,2986.1,7062.18,1596.78,18984.599,789.67,1666.0274,,,
Social,Carencia por acceso a la seguridad social,"Mide la población que cuenta con las prestaciones mínimas de manera directa o a través de núcleos familiares, así como contratación voluntaria, o porque es acreedor por medio de programas sociales de pensiones.",2022,34.71,34.67,29.86,54.66,24.37,35.93,77.88,32.39,39.29,46.16,50.15,71.63,65.43,41.97,52.1,62.81,57.98,51.52,27.18,74.33,67.25,43.22,42.41,48.2,39.12,33.17,58.29,39.45,61.89,60.92,45.84,57.01,,,
Social,Carencia por acceso a los servicios de salud,"Población sin acceso a los servicios de salud, como seguro popular, en una Institución Pública de seguridad social, así como servicios privados de otras instituciones.",2022,26.19,28.41,17.34,34.57,19.68,21.94,66.07,21.49,28.75,30.16,33.15,52.74,50.41,37.13,44.15,51.21,46.45,34.09,22.83,65.71,48.28,30.43,32.37,34.55,26.58,24.43,44.8,27.95,45.23,49.22,35.13,36.72,,,
Social,Carencia por calidad y espacios de la vivienda,"Mide las condiciones de calidad de la vivienda, de acuerdo con los materiales de los techos, muros, pisos y condición de hacinamiento.",2022,4.73,6.11,8.61,14.91,3.38,4.66,22.14,5.29,4.03,8.28,6.17,26.93,6.43,5.26,6.62,10.31,9.99,10.85,3.16,21.1,11.37,4.98,14.02,9.08,7.14,8.15,12.34,6.11,8.16,12.56,12.57,4.62,,,
Económico,Cera Producción (toneladas),Es el volumen de la producción de productos pecuarios resultado de la actividad apicola expresado en toneladas,2023,NA,6.8,6.5,71.5,6.7,13.3,129.5,7.7,NA,10.4,1.1,55.1,44.1,166.3,16.8,75.1,NA,9.4,2.6,131.9,57.5,1.3,86,32.2,0.9,NA,12.4,26.4,13.9,183.7,160.1,31,,,
Económico,Cera Valor de la Producción (miles de pesos),Es el valor de la producción de productos de la actividad económica apícola expresado en miles de pesos,2023,NA,411.09,464.56,5582.34,518.56,1073.72,9267.32,529.48,NA,794,73.26,3735.14,3539.51,13454.22,1264.72,5960.49,NA,762.13,201.92,9823.5,4380.26,108.4,6741.97,2744.41,74.29,NA,933.47,2027.68,1124.9,15087.11,11283.32,2500.99,,,
Seguridad,Cifra negra,Porcentaje de delitos no denunciados.,2023,92.2,87.8,90.31,87.75,91.61,89.2,90.5,92.6,92.6,91.2,91.9,96.8,89,89.51,92.9,92.84,94.6,93.8,92.3,93.2,93.21,92.61,93.73,92.8,95.59,90.7,93.54,95.13,92.91,93.7,93.78,96,,,
Género,Cobertura de educación en la primera infancia #Con Lupa de Género (Porcentaje),"Porcentaje de niñas y niños de 0 a 5 años que acuden a una guardería, centro de cuidados o preescolar",2024,32.3,32.3,34.3,47.9,41.5,40.5,38.9,35.8,40.4,38.3,38.9,45.6,40.3,35.7,33.3,35.8,35.7,39,35.7,40.7,36.9,39,29.7,41.9,44.2,37.9,46,33.5,35.4,32.8,48.6,39.3,,,
Social,Cobertura Media Superior,"Indica el porcentaje de alumnos atendidos en un nivel educativo, con respecto a la población que representa la edad para cursar dicho nivel.",2023-2024,73.9,81.4,85.80267966,72.1,73.39457217,80.3921082,61.16296078,75.92155969,125.860172,77.46938303,71.87990314,67.12787088,84.6798666,76.22438932,77.75230922,66.8735656,76.30404572,76.96883893,71.80183165,64.07041878,76.85918575,79.27157235,86.85985236,67.57634361,90.30622542,76.42814792,87.50248405,76.34166304,82.31100729,71.92562523,86.37444634,73.02929035,,,
Social,Cobertura Preescolar,"Indica el porcentaje de alumnos atendidos en un nivel educativo, con respecto a la población que representa la edad para cursar dicho nivel.",2023-2024,72.9,54,59.36449384,61,71.73068789,55.36663645,79.4183855,60.60715251,76.24656737,67.02052079,71.369154,84.54002509,62.20083687,67.44205145,59.98541913,70.14865816,59.27992036,65.9946101,74.09638114,73.97739294,77.46270014,69.53390896,60.54036024,77.69563502,73.91027173,58.27282209,77.62644201,56.49884974,68.88481973,53.36589121,80.52240423,76.09005384,,,
Social,Cobertura Primaria,"Indica el porcentaje de alumnos atendidos en un nivel educativo, con respecto a la población que representa la edad para cursar dicho nivel.",2023-2024,103,102.9,98.19380869,90,94.09981917,85.97686906,106.4478306,103.8699977,116.6859398,101.1810094,99.26244775,98.62026112,99.62218422,101.386829,98.78023062,99.85977546,95.44999657,91.73032101,105.2840859,100.3919649,103.7756978,103.4283374,105.588053,99.42617583,97.33703858,93.1345777,97.16630072,95.45438671,100.7439482,90.59091894,103.5559286,101.4307938,,,
Social,Cobertura Secundaria,"Indica el porcentaje de alumnos atendidos en un nivel educativo, con respecto a la población que representa la edad para cursar dicho nivel.",2023-2024,93.4,100.8,100.3706775,86.3,91.54187678,83.65781857,84.66970673,92.08673472,118.6592078,94.30172373,92.7059656,90.01133566,102.3673201,94.77100767,98.82620115,88.95077221,93.02946158,90.48549107,99.77191957,82.32064533,96.46732799,99.74257623,106.1631779,95.04909281,94.32176656,91.47051411,98.31574398,91.34035744,100.4695786,87.45084317,95.38347657,96.60904964,,,
Social,Porcentaje de Población Afiliada a servicios de salud, Porcentaje de Población Afiliada a servicios de salud,2020,NA,NA,NA,NA,NA,NA,NA,NA,NA,NA,NA,NA,NA,NA,NA,NA,NA,NA,NA,NA,NA,NA,NA,NA,NA,NA,NA,NA,NA,NA,NA,NA,,,
Social,Personal Médico, Personal Médico,2021,NA,NA,NA,NA,NA,NA,NA,NA,NA,NA,NA,NA,NA,NA,NA,NA,NA,NA,NA,NA,NA,NA,NA,NA,NA,NA,NA,NA,NA,NA,NA,NA,,,
Social,Índice de Progreso Social," ""El índice de progreso social (IPS) es un índice que sirve de instrumento para medir en que grado los países satisfacen las necesidades Básicas y ambientales de sus ciudadanos. Este se compone de 57 indicadores que se distribuyen en 12 componentes", y estos 12 componentes se distribuyen en 3 grandes dimensiones, las cuales son Necesidades básicas," Fundamentos de Bienestar y oportunidad""",2021,NA,NA,NA,NA,NA,NA,NA,NA,NA,NA,NA,NA,NA,NA,NA,NA,NA,NA,NA,NA,NA,NA,NA,NA,NA,NA,NA,NA,NA,NA,NA,NA
Social,Tasa de Mortalidad Infantil (Proyección), Proyección de la Tasa de Mortalidad Infantil,2021,NA,NA,NA,NA,NA,NA,NA,NA,NA,NA,NA,NA,NA,NA,NA,NA,NA,NA,NA,NA,NA,NA,NA,NA,NA,NA,NA,NA,NA,NA,NA,NA,,,
Social,Tasa Global de Fecundidad, Tasa Global de Fecundidad,2021,NA,NA,NA,NA,NA,NA,NA,NA,NA,NA,NA,NA,NA,NA,NA,NA,NA,NA,NA,NA,NA,NA,NA,NA,NA,NA,NA,NA,NA,NA,NA,NA,,,
Social,Unidades Médicas, Unidades Médicas,2021,NA,NA,NA,NA,NA,NA,NA,NA,NA,NA,NA,NA,NA,NA,NA,NA,NA,NA,NA,NA,NA,NA,NA,NA,NA,NA,NA,NA,NA,NA,NA,NA,,,
Gobierno,Confianza en el Gobierno Estatal,"Población de 18 años y más que habita en áreas urbanas de cien mil habitantes y más por entidad federativa, instituciones y sectores, según nivel de confianza en éstos. Noviembre a diciembre de 2019",2023,57.6,39.7,49.8,47.5,58.5,49.7,38.5,44.7,45.5,54.6,46.7,58.3,55.2,41.7,44.2,38.9,35.1,56.7,57.2,45.4,54.1,54.1,53,53.8,56,53.2,46.5,62.9,54.3,41.6,61.5,36.6,,,
Económico,Crecimiento económico (porcentaje),Se refiere al incremento en la producción de bienes y servicios en una economía de un periodo a otro. El cálculo de crecimiento anual se hace al comparar el valor del PIB (todo lo que se produjo en la economía) en un periodo determinado respecto al valor de lo producido en el mismo periodo del año previo.,2024,1.8,0,4.8,5.8,-3.1,3.6,2.8,0.6,2.3,5.3,3.8,-1.8,4.4,-0.1,3.5,0.3,0.4,0.4,3.5,1.9,3.6,3,20.6,3.4,2.8,1.6,-2.3,1.1,1.4,3.6,3.9,-2.1,,,
Económico,Cuartos de establecimientos de Hospedaje,"Se define como el cuarto o conjunto de cuartos en un establecimiento hotelero que constituyen una unidad indivisible destinada a ser alquilada para alojamiento. Las habitaciones pueden ser individuales, dobles o múltiples según se hallen equipadas con permanentemente para alojar a una, dos o más personas.",2023,7979,29968,27817,7805,14984,8846,24253,23393,53409,7505,32016,32679,14671,78969,28648,18230,13137,27078,22609,30543,30767,20251,127399,16018,26781,23647,13139,28263,5543,51758,15480,7917,,,
Económico,Cuartos de Hospedaje según categoría 1 estrella,Son el cuarto o conjunto de cuartos en un establecimiento hotelero con categoria de 1 estrella,2023,322,3120,382,1020,206,395,6271,4162,17271,405,1572,9879,909,5523,746,1269,820,1380,803,1997,2813,878,1095,1505,2532,1077,1457,2488,0,4369,952,808,,,
Económico,Cuartos de Hospedaje según categoría 2 estrellas,Son el cuarto o conjunto de cuartos en un establecimiento hotelero con categoria de 2 estrellas,2023,738,5036,614,1058,1159,824,3344,4006,13305,1732,2936,9761,2364,5383,2512,4403,1440,2716,782,3948,2843,2072,2170,3870,2352,2065,1108,8644,518,6395,1007,660,,,
Económico,Cuartos de Hospedaje según categoría 3 estrellas,Son el cuarto o conjunto de cuartos en un establecimiento hotelero con categoria de 3 estrellas,2023,1697,9268,2253,2334,4572,1485,4668,6626,10654,2384,6722,5828,4047,12708,5003,5356,4148,5975,2685,4475,6951,4402,10520,3707,5930,3811,2814,8207,775,11177,3222,1643,,,
Económico,Cuartos de Hospedaje según categoría 4 estrellas,Son el cuarto o conjunto de cuartos en un establecimiento hotelero con categoria de 4 estrellas,2023,3016,7856,3203,2444,4827,2872,3992,4422,5802,724,10355,2979,1927,19834,5140,3102,2444,2752,7529,5463,7281,5576,17063,1994,6397,6124,2332,3537,811,10259,3619,2454,,,
Económico,Cuartos de Hospedaje según categoría 5 estrellas,Son el cuarto o conjunto de cuartos en un establecimiento hotelero con categoria de 5 estrellas,2023,725,4368,17447,493,2122,1200,1490,4177,3848,354,3988,1084,1057,13915,1342,1256,2082,11275,7725,3305,3767,2768,91500,1671,5919,3889,1159,1103,400,2287,4176,636,,,
Económico,Cuartos de Hospedaje según categoría (sin categoría),Son el cuarto o conjunto de cuartos en un establecimiento hotelero sin categoria,2023,1481,320,3918,456,2098,2070,4488,0,2529,1906,6443,3148,4367,21606,13905,2844,2203,2980,3085,11355,7112,4555,5037,3271,3651,6681,4269,4284,3039,17271,2504,1716,,,
Seguridad,Defunciones,Defunciones registradas por entidad federativa de residencia habitual de la persona fallecida,2023,5457,16713,2944,3937,14221,4162,22355,19056,48102,7525,29812,14449,13312,39208,70555,22938,11402,5274,26522,20867,30608,9264,6801,13901,12163,14578,10974,15774,5533,44584,11184,7950,,,
Género,Delitos sexuales #Con Lupa de Género,Carpetas de investigación de delitos de acoso y hostigamiento sexual por cada 100 mil habitantes.,2024,13.7,38.1,22.6,11.5,14.4,12.3,2.1,14.4,18.8,6,7.3,5.2,6.7,5.5,32.9,4.4,5,6.6,14.5,8.3,6.3,33.4,16.6,12,6.4,5.5,9.6,5.2,0.1,6.8,0.6,8.9,,,
Género,Desigualdad en trabajo no remunerado (TNR) #Con Lupa de Género,Porcentaje adicional de horas de TNR que realiza en promedio una mujer en comparación con el tiempo que dedica un hombre),2024,60.2,52,57.6,51.3,56.5,57.7,66.9,56.5,49.1,59.4,61.9,63.5,57.2,54.5,60.5,60.9,56.9,64.9,55.4,59.6,68.7,60,59.8,60.6,65.9,53.3,58.9,54.5,57.5,65.6,56.2,66.5,,,
Económico,Desigualdad laboral (coeficiente de Gini),"Es la discriminación en el mercado de trabajo que ocurre cuando dos personas con características similares tienen diferentes ofertas laborales o salarios debido a su género, edad, nacionalidad, origen, etc.",2024,0.33,0.303,0.36,0.41,0.325,0.353,0.426,0.325,0.417,0.345,0.324,0.395,0.404,0.297,0.354,0.364,0.309,0.358,0.358,0.401,0.373,0.345,0.333,0.365,0.352,0.315,0.417,0.34,0.354,0.396,0.392,0.342,,,
Económico,Deuda Pública (Porcentaje del PIB),"La deuda pública son los préstamos totales, internos y externos, contraídos por el sector público con el fin de satisfacer sus necesidades de gasto.",2020,0.1,1.7,0.4,0,0.6,1.6,0.3,1.2,0.3,0.8,0.2,0.2,0.2,0.2,0.6,0.4,0.3,0.3,0.5,5,0.1,0,7.8,0.1,0.1,1.1,0.6,0.4,0,2.6,0.2,0.6,,,
Social,Eficiencia Terminal Primaria,"Es el porcentaje de alumnos que concluyen un nivel educativo, respecto al número de alumnos que ingresaron a este nivel en la cohorte correspondiente.",2023-2024,97.7,99.1,98.19380869,95.6,98.20844313,90.07905138,98.6786356,97.15332708,91.91427216,94.37722231,95.17544596,94.39965047,100.3666345,95.49632585,95.904842,93.71712719,93.52123197,100.0737719,99.37276266,100.9059691,97.41836758,97.99405646,97.00881415,98.67648797,99.41410337,96.37155865,96.76572509,97.30368583,99.36869659,96.10648537,94.53503864,97.34317119,,,
Social,Eficiencia Terminal Secundaria,"Es el porcentaje de alumnos que concluyen un nivel educativo, respecto al número de alumnos que ingresaron a este nivel en la cohorte correspondiente.",2023-2024,91.7,91.7,94.5451865,88.7,90.82045727,86.20308111,89.20902881,89.34085511,90.24585078,88.66943556,90.41683007,91.07962322,95.78952929,90.76377058,96.53866804,88.0687789,91.34741579,92.20246238,93.95317682,78.85839798,93.02441108,89.49976065,94.12327836,93.58086978,93.50699694,93.75274265,94.4724831,93.65319835,96.18859401,93.99205561,92.81276987,90.47172968,,,
Gobierno,Egresos brutos de los Gobiernos de los Estados (pesos),"Información referente a los ingresos y egresos anuales de los Gobiernos de Estados, Municipios, Ciudad de México y Alcaldías con el fin de mostrar su comportamiento en el ámbito económico y social, contribuyendo a la transparencia de la acción pública, así como coadyuvar en la toma de decisiones en materia de política económica.",2022,"32,932,722,666","87,191,712,443","25,152,155,532","29,932,416,267","69,291,382,147","21,673,383,120","137,114,636,110","106,366,559,096",NA,"47,620,452,248","119,244,946,986","89,935,760,172","67,679,619,574","163,734,178,819","380,780,452,400","99,347,889,207","39,754,315,864","34,878,986,395","189,054,812,000","100,108,873,175","130,192,636,514","56,485,110,697","48,214,415,494","64,512,218,382","73,912,188,677","107,714,520,177","68,629,420,531","79,886,889,496","29,897,736,663","172,557,606,569","53,253,307,601","42,129,991,417",,,
Género,Embarazo Adolescente #Con Lupa de Género (Porcentaje),Porcentaje de nacimientos registrados de madres menores de 20 años,2024,15.8,13.1,12.6,14.1,15.2,13.3,18,17.6,10.5,16.4,15,18.2,14.5,13.9,15.1,15.9,14.8,16.1,12.4,15.9,16.9,12.1,13.1,14.1,14.3,14.6,16.7,13.4,15.8,16.7,13.6,14.3,,,
Medio Ambiente,Emisiones de Contaminantes,"Gestión de la calidad del aire en los que se determinan las emisiones de contaminantes provenientes de diversos tipos de fuentes establecidas en una determinada área geográfica, con una resolución espacial a nivel municipal o estatal, y una temporalidad en un año específico de actividad, también llamado año base.",NA,NA,NA,NA,NA,NA,NA,NA,NA,NA,NA,NA,NA,NA,NA,NA,NA,NA,NA,NA,NA,NA,NA,NA,NA,NA,NA,NA,NA,NA,NA,NA,NA,,,
Económico,Empleos Formales Generados Acumulados,Refleja el número de puestos de trabajo formales creados o eliminados en el registro del IMSS. El empleo registrado ante el IMSS es un buen indicador de la dinámica del empleo formal en el sector privado (sin incluir a los trabajadores formales del sector público y trabajadores independientes).,2024,3201,7946,3144,833,16851,2198,8864,10159,44267,2465,30808,7609,8938,28121,56574,-5852,-3501,6498,68476,1528,9245,17341,15601,9927,-24929,-1897,-15693,10625,3213,-9649,-2364,-3145,,,
Económico,Establecimiento de Hospedaje,"Un establecimiento de hospedaje es un lugar que proporciona alojamiento a cambio de un precio, y que puede ofrecer otros servicios complementarios como alimentación, recreación o lavandería. ",2023,208,687,491,286,470,280,1119,784,645,451,1071,795,713,2644,951,724,618,788,477,1521,1282,1245,1331,556,684,549,534,743,374,2072,575,304,,,
Económico,Establecimiento de Hospedaje según categoría 1 estrella,Son establecimientos de hospedaje con categoria 1 estrella,2023,14,145,21,68,10,24,410,235,87,24,73,58,48,214,40,75,73,91,59,94,188,77,68,105,95,67,76,18,27,195,61,42,,,
Económico,Establecimiento de Hospedaje según categoría 2 estrellas,Son establecimientos de hospedaje con categoria 2 estrellas,2023,30,149,20,54,49,31,150,239,107,46,130,134,95,245,77,137,102,167,25,163,195,106,104,93,131,90,44,144,50,266,53,33,,,
Económico,Establecimiento de Hospedaje según categoría 3 estrellas,Son establecimientos de hospedaje con categoria 3 estrellas,2023,33,198,50,84,167,51,164,205,155,89,222,190,129,387,139,194,155,248,57,180,281,142,347,107,139,94,67,222,26,352,123,62,,,
Económico,Establecimiento de Hospedaje según categoría 4 estrellas,Son establecimientos de hospedaje con categoria 4 estrellas,2023,29,114,43,31,67,47,88,63,130,57,148,101,50,313,73,91,76,44,73,137,146,95,159,73,107,72,27,122,8,182,72,53,,,
Económico,Establecimiento de Hospedaje según categoría 5 estrellas,Son establecimientos de hospedaje con categoria 5 estrellas,2023,10,39,120,10,20,9,25,42,100,5,142,51,25,156,18,37,45,50,51,46,74,51,268,16,34,29,7,34,0,18,99,10,,,
Económico,Exportaciones,"Información referente al valor de las exportaciones de mercancías por entidad federativa, que permite conocer la participación de cada una de ellas en el intercambio comercial que realiza México con el resto del mundo.",2024,3330817,14351843,112106,3132331,17662603,354622,349289,18311253,1032167,757190,8927930,356040,796212,7292912,6125542,1313467,938489,103575,13781035,13781035,4960869,4784330,6179,5956126,914696,7840372,2271777,9224576,488693,1943214,505115,969236,,,
Seguridad,Extorsión,Registra la Incidencia del delito de Extorsiones.,2024,72,60,44,41,33,97,4,3,292,24,561,78,197,308,2004,180,196,10,469,74,75,131,109,73,55,39,94,48,1,544,1,45,,,
Seguridad,Feminicidio,Registra la Incidencia del delito de Feminicidios.,2024,3,21,5,5,13,4,15,28,31,8,11,11,10,16,38,8,36,5,44,8,31,3,4,6,12,18,15,8,8,31,4,3,,,
Económico,Ganado Bovino Producción (toneladas),"Es el volumen de la producción resultado de la crianza y domesticación del toro y la vaca, de donde deriva la producción de alimentos para consumo humano y otros artículos.",2023,82865.6,191333.3,10113.3,44401.1,100165,22335.3,210282.6,170323.6,1037.3,214420.6,109062.3,85945.4,61791.5,472346.4,81713.3,189479.1,13373.2,35913.1,133435.6,123880.5,80846.9,64579.5,8491.5,231832.1,197460.2,142871.9,144133,82737.1,16408.7,525610.6,64149.7,88673.7,,,
Económico,Ganado Bovino Valor de la Producción (miles de pesos),El valor de la producción de ganado es la suma del precio promedio multiplicado por el volumen de producción de los productos de origen animal.,2023,3715224.58,7125844.34,375901.03,1551183.72,3694967.89,888902.18,6856766.16,7293857.23,46029.97,8008647.65,4558713.46,2989566.33,2322468.76,21021293.89,3620944.61,7116598.82,511713.93,1418750.77,6492320.44,4317044.8,2495085.23,2928862.09,343301.59,9752659.63,7542232.05,6411925.5,6038665.32,3362905.75,669567.91,18487741.25,2459638.12,3569255.18,,,
Económico,Ganado Caprino Producción (toneladas),"Es el volumen de la producción resultado de la crianza y domesticación de cabras, de donde deriva la producción de alimentos para consumo humano y otros artículos.",2023,323.4,401.7,871.1,82.4,7805.7,127.2,NA,1304.9,NA,1826.5,2877.2,7543,1558.9,4075,889.5,5225.5,1329.9,256.1,3172.3,7480.3,7808.4,349.4,50.3,8460.6,2242.5,568.2,NA,2978.5,703.3,1400.1,15.3,8931.7,,,
Económico,Ganado Caprino Valor de la Producción (miles de pesos),El valor de la producción de ganado es la suma del precio promedio multiplicado por el volumen de producción de los productos de origen animal.,2023,11963.86,15539.97,28754.69,2571.31,268435.41,5056.9,NA,42306.23,NA,60496.18,116973.02,255376.56,56784.85,158387.34,33148.95,181202.14,49264.61,8938.58,164806.37,257649.61,238817.43,12977.41,2041.39,300136.41,78545.32,20526.86,NA,103501.94,27796.3,46410.73,540,315740.23,,,
Económico,Ganado Ovino Producción (toneladas),"Es el volumen de la producción resultado de la crianza y domesticación obejas, de donde deriva la producción de alimentos para consumo humano y otros artículos.",2023,1643.5,577.8,444.7,3337.9,1387.7,215.1,3760.1,3105.7,416.1,921,4593.2,2900.1,13484.4,10186.3,18140,3617.1,1435.5,485.2,3572.8,4977.1,8544.6,2115.4,997.4,5849.3,2419.6,1055.1,658.2,2798.5,6150.1,11751.1,2127.3,8660.8,,,
Económico,Ganado Ovino Valor de la Producción (miles de pesos),El valor de la producción de ganado es la suma del precio promedio multiplicado por el volumen de producción de los productos de origen animal.,2023,67755.47,23928.13,16853.47,125610.55,49544.57,8961.1,143572.71,113389.43,21754.37,32938.98,193814.4,115282.87,657093.59,499446.94,883509.09,149492.64,58747.96,17715.98,150526.63,202999.53,290394.96,106248.48,44933.32,236345.94,85231.71,41845.55,29038.03,108530.61,303263.31,455661.66,81800.96,352588.3,,,
Económico,Ganado Porcino Producción (toneladas),"Es el volumen de la producción resultado de la crianza y domesticación de puercos, de donde deriva la producción de alimentos para consumo humano y otros artículos.",2023,25253.8,1456.8,1488.8,7790.6,7601.7,10276.3,42663.5,11012.2,2088.9,5672.3,175034.4,29496.4,21055.9,521149.5,29489.6,68380.7,7169.5,6584.3,26156.3,39524.5,238353,35144.5,5130,33725.6,25750.3,386184,18187.7,13386.9,16997.4,203989.9,206096,13991.8,,,
Económico,Ganado Porcino Valor de la Producción (miles de pesos),El valor de la producción de ganado es la suma del precio promedio multiplicado por el volumen de producción de los productos de origen animal.,2023,892198.82,48429.8,45157.32,286086.02,267272.27,375651.22,1586581.01,378856.83,74455.25,198927.66,6235969.71,1056422.36,763207.63,17922141.32,1100698.13,2406633.73,264501.73,239085.81,895582.59,1355838.18,8564496.4,1290787.19,185722.07,1238386.03,807553.6,11491239.18,648294.75,469594.95,627176.33,7452466.86,7736234.64,511392.74,,,
Económico,Gasto corriente promedio trimestral por hogar (tabla 4.7),El gasto corriente son los desembolsos que realiza el sector público para contratar a sus recursos humanos y para adquirir bienes y servicios que le permitan desarrollar sus funciones administrativas.,2022,45315.23,50313.43,48198.51,35775.55,44004.96,43116.57,25942.88,40095.89,58897.63,35633.29,36458.7,30520.51,34085.62,44694.24,38648.63,40136.21,38009.27,38861.54,48395.64,26597.4,34027.34,48727.7,46145.03,38570.35,42911.1,42418.18,32025.46,39502.53,32953.19,29306.1,38077.05,34862.7,,,
Social,Grado Promedio de Escolaridad,Es el número promedio de grados escolares aprobados por la población de 15 años y más.,2020,10.35,10.2,10.34,9.63,10.43,10.05,7.78,10,11.48,9.75,9.04,8.37,9.37,9.9,10.08,8.6,9.84,9.73,10.74,8.12,9.16,10.48,10.24,9.61,10.22,10.4,9.69,10.09,9.83,8.75,9.59,9.25,,,
Económico,Guajolotes Producción (toneladas),"Es el volumen de la producción resultado de la crianza de guajolotes, de donde deriva la producción de alimentos para consumo humano y otros artículos.",2023,NA,NA,NA,1048.2,NA,5.3,1339.4,966.4,NA,NA,NA,1334.5,1472.1,NA,3034.9,186.2,NA,NA,NA,829.3,3713,101.7,183,176.5,NA,NA,1769.4,NA,490.9,1929.6,6574.8,46.3,,,
Económico,Guajolotes Valor de la Producción (miles de pesos),El valor de la producción de ganado es la suma del precio promedio multiplicado por el volumen de producción de los productos de origen animal.,2023,NA,NA,NA,39677.63,NA,172.04,68064.05,40482.65,NA,NA,NA,55259.31,59058.49,NA,131338.57,5285.61,NA,NA,NA,39021.26,134501.68,3253.75,10150.04,5000.29,NA,NA,86755.07,NA,24432.32,90261.95,302579.63,1554.95,,,
Seguridad,Homicidios,Registra la Incidencia del delito de Homicidios.,2024,159,1516,85,106,222,513,895,1167,974,160,2159,1095,265,1450,2187,1539,1014,216,1255,1374,1014,300,908,416,681,852,691,619,84,1048,109,440,,,
Género,Homicidios dolosos de mujeres y feminicidios #Con Lupa de Género,Mujeres víctimas de feminicidios y homicidios dolosos por cada 100 mil mujeres,2024,1.4,13.7,0.9,3.3,0.8,34.5,2,12.9,2.7,1.7,12.3,8.3,2.3,4.2,4.1,6.9,15.2,2.6,5.2,4.8,3,2.1,7.7,3.3,2.3,8.5,2.2,3.1,2.2,2.6,0.9,11.3,,,
Económico,Huevo para plato Producción (toneladas),"Es el volumen de la producción de productos pecuarios huevo para plato se expresa en tonelads, resultados de la crianza de gallinas",2023,8899.8,31848.6,1006,4818.4,61699.7,1357.5,5459,5861.6,78.8,78255.6,69418.2,9090.4,6601.1,1715937.6,15731,20736.4,731.6,25199.1,95245.1,6879.2,475816.3,19701,486,113599.1,76945.5,181924.1,1389.1,1158.8,1717.6,17549.5,111176.8,5464.9,,,
Económico,Huevo para plato Valor de la Producción (miles de pesos),"Es el valor de la producción de productos pecuarios (huvo para plato) expresado en miles de pesos, resultados de la crianza de gallinas",2023,262544.21,820578.43,29719.14,134519.98,1566610.45,38704.58,194887.59,181124.52,2988.66,2024375.8,2246766.48,313487.95,212502.95,47456881.7,439959.55,602714.8,23982.84,664613.4,2706888.66,194001.39,12356742.08,569460.17,19042.15,3105397.98,2209238.94,5516298.89,50060.15,30967.68,52708.52,576806.63,3214286.5,150228.24,,,
Seguridad,Incidencia Delictiva del Fuero Común,La incidencia delictiva se refiere a la presunta ocurrencia de delitos registrados en carpetas de investigación iniciadas.,2024,3101,7276,14368,10127,35756,14704,7872,46929,133108,11676,90099,15312,31723,75398,219224,28701,27168,7376,54212,22797,46336,35536,31553,34363,19264,19409,26718,23895,1967,50729,2470,15402,,,
Económico,Indicador Mensual de la Actividad Industrial por Entidad Federativa (IMAIEF),El Indicador Mensual de la Actividad Industrial por Entidad Federativa (IMAIEF) proporciona información estadística de corto plazo en el ámbito estatal que permite dar seguimiento al comportamiento de las actividades secundarias en los estados.,2024,96.31035221,116.4823515,67.73301149,89.28183071,94.04674386,98.09607337,114.950651,118.2532041,105.1524915,123.5350191,101.9319819,90.2505549,105.5346255,104.1581986,95.78573854,99.98731605,96.66881464,84.33640222,105.6136657,141.7892346,104.6141635,102.1561122,236.7882099,109.3479081,90.84953115,110.073389,157.3041431,100.5270264,102.1067766,112.8837039,107.5188896,93.80660242,,,
Económico,Índicador Trimestral de la Actividad Económica Estatal ITAEE,El Instituto Nacional de Estadística y Geografía (INEGI) presenta los resultados del Indicador Trimestral de la Actividad Económica Estatal (ITAEE). Este ofrece un panorama sobre la evolución económica de las entidades federativas del país.,2024,100.2,107.1,101.6,90.3,95.1,102.8,109.3,109.7,103.5,104.4,102.3,98.2,108.1,103.8,103.9,105.9,98,104.1,106,118,101.5,1004.4,111,103.6,101.3,105.4,138.1,102.2,101.3,106.3,107.7,98.9,,,
Económico,Índice de Competitividad Estatal ICE,"El Índice de Competitividad Estatal (ICE) mide la capacidad de las entidades del país para generar, atraer y retener talento e inversión",2024,46.9,43.5,53.7,45.1,50.3,43.2,29.6,46,75,40.4,36.5,27.5,33.3,45.8,36.6,31.3,33.3,40.2,49.9,25,31.6,47.9,43.3,40.3,43.6,46.5,39.6,44.6,34.2,34.2,46.5,31.8,,,
Gobierno,Índice de Desarrollo Democrático IDD-Mex,"El Índice de Desarrollo Democrático de México (IDD-Mex) proporciona información rigurosa y medible sobre los avances y retrocesos experimentados por la democracia mexicana, a nivel nacional y en cada una de las 32 entidades federativas. El sustento metodológico y el rigor técnico con que se elabora este documento ha permitido que estudiosos y especialistas cuenten con índices para medir, comparar y evaluar el impacto de las políticas públicas tomadas por las y los gobernantes, y la forma en que la sociedad percibe dichas políticas.",2023,4864,6082,10000,7860,3874,6855,3904,5277,8679,6258,3071,1638,5755,6914,4790,3702,0,8032,5174,4130,3496,7261,3042,6877,5861,7358,6849,6558,4962,2788,9031,2640,,,
Social,Índice de Intensidad Migratoria DP2,"Los indicadores involucrados en el índice de intensidad migratoria captan la recepción de remesas del extranjero y tres modalidades de la migración México-Estados Unidos. La fuente de información para los cuatro indicadores es la muestra del diez por ciento del Censo de Población y Vivienda 2010. Su construcción parte de identificar los cuatro rasgos de interés entre los miembros de las viviendas ,18.29""",19.49,21.81,21.89,20.9,19.44,21.36,19.37,21.92,18.64,17.62,18.66,18.89,19.71,21.78,17.46,20.01,17.54,21.39,18.63,20.55,19.91,22.07,18.27,20.17,19.99,22.18,20.4,21.09,21.02,21.86,15.9,NA,,,,
Económico,Índice de la Tendencia Laboral de la Pobreza (ITLP),"El Índice de la Tendencia Laboral de la Pobreza (ITLP) es un indicador que da seguimiento trimestral a la evolución del ingreso laboral y su relación con el costo de la canasta alimentaria, pudiendo estimarse el porcentaje de personas en pobreza laboral.",2024,1.2394,0.97,0.914,0.8106,0.9373,0.8836,0.9193,0.8697,0.8921,0.9004,1.1894,0.9275,0.992,0.968,0.9198,1.0936,0.9759,0.7579,1.0986,0.9864,0.9786,0.9886,0.8264,0.7866,0.9845,1.0586,1.011,0.8355,0.9093,0.9262,0.8355,0.9862,,,
Social,Índice de marginación,La marginación proporciona los elementos que permiten considerar las limitantes de desarrollo estatal y/o municipal.,2020,22.21,21.38,21.47,17.81,22.55,21.53,12,20.02,23.14,18.47,19.42,10.99,18.05,21.82,20.8,18.28,19.81,17.52,23.44,13.22,17.72,20.84,20.63,18.69,20.51,21.41,18.33,21,19.87,16.41,17.51,19.5,,,
Gobierno,Índice de Monitoreo y Evaluación,"Conocer el avance en la institucionalización de los elementos que favorecen, y forman parte, de los sistemas de monitoreo y evaluación en las entidades federativas. Este Diagnóstico permite analizar los instrumentos normativos y prácticos que intervienen en la consolidación de un sistema de monitoreo y evaluación en los estados.",2023,93.5,93.5,64.8,92.6,88,98.1,78.7,95.4,95.4,96.3,97.2,92.6,99.1,99.1,97.2,88.9,95.4,94.4,96.3,99.1,95.4,90.7,90.7,87,77.8,88,95.4,93.5,92.6,93.5,96.3,98.1,,,
Seguridad,Índice de Paz México,"El IPM proporciona una medición integral de la paz en México, que incluye tendencias, análisis y estimaciones del impacto económico de la violencia.",2024,2.33,4.42,2.61,2.38,2.07,4.74,1.74,3.57,2.73,1.96,4.06,3.27,2.34,2.73,3.45,3,4.12,2.08,3.62,2.58,2.38,2.63,3.68,2.87,2.79,3.25,2.28,2.33,1.61,2.37,1.31,3.79,,,
Social,Índice de Rezago Social,"Es una medida ponderada que resume cuatro indicadores de carencias sociales (educación, salud, servicios básicos y espacios en la vivienda) en un solo índice que tiene como finalidad ordenar a las unidades de observación según sus carencias sociales.",2020,-1.1,-0.64,-0.32,0.24,-1.15,-0.69,2.64,-0.52,-1.12,-0.05,-0.21,2.45,0.32,-0.62,-0.3,0.53,-0.13,0.04,-1.25,2.59,0.74,-0.52,-0.32,0.32,-0.57,-0.65,0.08,-0.62,-0.04,1.14,0.15,-0.45,,,
Social,Índice de Rezago Social Longitudinal,diez por ciento del Censo de Población y Vivienda 2010. Su construcción parte de,2020,0.21,0.41,0.42,0.93,0.21,0.45,2.31,0.53,0.1,0.73,0.82,2.02,0.88,0.57,0.59,1.32,0.71,0.76,0.08,2.07,1.16,0.43,0.6,0.87,0.51,0.34,0.9,0.5,0.67,1.42,0.78,0.66,,,
Gobierno,Índice de Transparencia y Disponibilidad de Información Fiscal ITDIF,"El Índice de Transparencia y Disponibilidad de la Información Fiscal (ITDIF) tiene como objetivo fomentar la práctica de la transparencia en los Gobiernos estatales, a través de la revisión de la información fiscal relativa a las gestiones financieras que realizan estos gobiernos y que deben publicar en sus portales electrónicos oficiales. Es un indicador estadístico y acumulativo que determina el nivel de disponibilidad y calidad de la información financiera y fiscal generada por las entidades federativas. El Índice permite valorar de manera integral la transparencia en la información fiscal en cada uno de los estados evaluados, y por ser acumulativo, año con año la medición retoma las variables de la versión anterior con su correspondiente actualización y se añaden variables nuevas, lo que permite un seguimiento continuo, así como observar el progreso o retroceso de los gobiernos estatales en la posición que obtienen en dicho indicador.",2024,71.65,46.5,68.09,80.09,53.91,61.08,62.82,82.79,69.55,70.87,96.07,36.35,78.98,86.89,90.7,63.23,52.15,77.58,76.85,78.41,85.63,98.95,83.35,56.71,84.65,87.86,67.5,55.86,52.38,95.65,79.13,78.6,,,
Gobierno,Índice del Estado de Derecho,"El Índice de Estado de Derecho fue creado para medir, desde una perspectiva ciudadana, el grado de adherencia al Estado de Derecho en las 32 entidades del país. El IEDMX retoma el mismo marco conceptual y metodológico que el WJP ha aplicado por más de una década en el Índice de Estado de Derecho a nivel global, y lo ha adaptado para reflejar la realidad nacional.",2023-2024,0.471,0.4,0.45,0.42,0.441,0.41,0.39,0.431,0.37,0.451,0.472,0.371,0.421,0.381,0.35,0.404,0.351,0.412,0.43,0.411,0.382,0.49,0.36,0.38,0.46,0.401,0.402,0.442,0.403,0.391,0.461,0.44,,,
Gobierno,Índice Global de Impunidad,"Índice Global de Impunidad IGI MEX Desde la publicación en 2015 del primer Índice Global de Impunidad, la Universidad de las Américas Puebla ha señalado que la lucha contra la impunidad debería ser el elemento clave de una estrategia para combatir la violencia y la corrupción que afectan a México. Hemos demostrado que al quedar impunes las acciones de quienes violentan el sistema, la estructura y el funcionamiento de los sistemas de seguridad y justicia son incapaces de reducir las acciones que han conducido a los niveles de corrupción, violencia y violación a los derechos humanos que hoy afectan la vida de todos los mexicanos.",2022,62.29,69.84,49.05,49.08,57.08,56.18,62.07,55.13,55.13,60.64,59.97,60.36,61.71,63.4,74.55,61.99,61.49,49.08,61.64,61.3,63.9,63.65,60.32,61.14,62.59,60.26,58.99,59.55,57.78,65.56,57.25,54.49,,,
Género,Informalidad #Con Lupa de Género (Porcentaje),Porcentaje de mujeres ocupadas no agropecuarias en la informalidad),2024,42.7,35.5,39,61.3,35.5,54.1,71.2,31.3,46.8,50.2,54.1,75.1,72.3,50.9,57.7,64.1,65.8,56.3,40.9,79.7,67.8,46.2,49.1,53.6,47.6,41,67.2,44.6,70.9,64.8,63.9,57.4,,,
Económico,Informalidad (porcentaje),"Proporción de la población ocupada que son laboralmente vulnerables por la naturaleza de la unidad económica para la que trabajan, así como aquellas personas ocupadas cuyo vínculo laboral no es reconocido por su fuente de trabajo.",2024,38.9,37.4,37.6,58.6,33.8,47.7,70.9,34.5,46.5,49.8,54.3,78.6,70.9,47.9,54.3,65.4,65.7,58.4,36,81.1,70.1,43.5,46,51.9,49.4,40.4,62.1,42,69.5,66.5,59.3,59.9,,,
Ecoingresosnómico,Ingreso corriente promedio trimestral por hogar,"Se contabilizan la suma de los  regulares medios procedentes de todas las fuentes, percibidos por todos los miembros del hogar como promedio de los últimos 12 meses, deduciendo los impuestos y las cotizaciones sociales.",2022,78287.89,88912.22,91417.12,57458.39,75125.83,69320.74,39844.83,81929.18,89310.27,57219.93,60099.72,41754.07,53234.08,71744.44,57232.55,56958.73,57238.61,65325.66,86018.03,43342.93,49383.58,74955.57,71902.2,60144.3,71888.24,75270.48,52095.42,63520.76,46294.78,44637.11,62371.24,50135.51,,,
Económico,"Ingreso laboral Per capita (Deflactado con la canasta alimentaria, pesos)",Se determina si el ingreso mensual total por persona (Ingreso corriente total per cápita) es muy bajo si: Es menor al costo de la canasta básica alimentaria -línea de bienestar mínimo- (Consulta actualización del costo de la canasta alimentaria),2023,2725.423695,4432.561895,5082.169288,3031.323924,3659.964579,3855.860394,1551.578163,4094.176933,4887.093777,2716.211732,2395.553072,1975.720489,2175.488773,3528.981106,3079.016539,2692.359656,2063.262687,3513.785778,4242.638364,1706.311747,2367.447383,2961.890717,3736.923229,3095.94178,3575.087945,3383.979393,2469.48099,3314.415991,2275.047815,2207.661836,3207.513781,2114.029249,,,
Económico,Ingreso laboral per cápita a pesos corrientes (nominal),Se determina si el ingreso mensual total por persona (Ingreso depflactado con la canasta alimentaria total per cápita) es muy bajo si: Es menor al costo de la canasta básica alimentaria -línea de bienestar mínimo- (Consulta actualización del costo de la canasta alimentaria),2024,3773.228581,6132.048737,7030.866232,4195.799899,5062.881968,5334.538503,2150.505933,5664.369623,6757.679811,3761.746463,3317.797959,2736.291309,3015.51004,4883.409697,4260.84145,3729.031544,2856.758343,4866.792815,5868.129348,2365.450652,3277.968522,4100.981769,5168.743389,3896.997159,4949.463998,4682.426706,3423.308311,4584.618102,3149.85481,3059.230207,4438.432346,2928.47917,,,
Gobierno,Ingresos brutos de los Gobiernos de los Estados (pesos),"Información referente a los ingresos y egresos anuales de los Gobiernos de Estados, Municipios, Ciudad de México y Alcaldías con el fin de mostrar su comportamiento en el ámbito económico y social, contribuyendo a la transparencia de la acción pública, así como coadyuvar en la toma de decisiones en materia de política económica.",2022,"26,478.20","65,024.80","17,240.70","21,454.30","52,675.70","17,474.00","96,180.30","69,362.80","217,962.20","33,274.70","89,298.50","61,111.50","50,273.40","123,500.60","303,120.30","68,661.50","27,144.80","23,706.90","107,167.10","76,194.00","96,525.40","36,226.60","33,860.90","48,987.80","56,012.50","67,709.00","51,099.00","52,410.70","20,667.70","128,420.70","41,136.10","30,226.20",,,
Económico,Ingresos por Remesas (millones de dólares),Es el envío de dinero de aquellas personas que radican en otra nación a su país de origen.,2024,252.9483,377.0437,39.1988,45.2832,251.1132,123.5231,1100.7204,388.8017,1299.4597,365.4526,1493.7578,880.7439,478.5243,1441.3964,1242.3021,1463.3792,303.9627,230.2318,395.8597,922.5699,892.1593,341.1316,108.4612,547.1143,255.902,223.8386,102.6938,266.1601,109.3728,696.5319,118.1945,502.112,,,
Económico,Inversión Extranjera Directa (IED) (millones de dólares),La inversión extranjera directa (IED) es una categoría de inversión transfronteriza que se produce cuando un inversionista extranjero invierte en un país receptor con el objetivo de crear un vínculo duradero con fines económicos y empresariales a largo plazo.,2023,1379.2,1472.8,1041,74.2,921.4,56.8,39.8,1979.5,11122.3,377.8,808.2,-179.3,285.4,2027.8,1927.2,198.4,195.5,309.7,2537.5,49.9,269.8,1107.1,985.1,115.7,415.4,2706.3,317.8,493.8,311.4,803.4,190.5,641.9,,,
Económico,Lana Producción (toneladas),Es el volumen de la producción de productos pecuarios resultado de la crianza de ganado ovino,2023,NA,NA,NA,NA,17.6,NA,105.6,3.9,NA,57.1,4.2,NA,1530.1,NA,418,72,NA,NA,NA,130.5,191.5,NA,NA,407.2,NA,NA,NA,NA,215,60.9,NA,583.5,,,
Económico,Lana Valor de la Producción (miles de pesos,Es el valor de la producción de productos del ganado ovino expresado en miles de pesos,2023,NA,NA,NA,NA,131.26,NA,4966.01,31.88,NA,237.64,27.18,NA,4808.79,NA,1014.86,938.95,NA,NA,NA,1032.58,1097.21,NA,NA,3232.33,NA,NA,NA,NA,454.33,207.66,NA,3946.61,,,
Económico,Leche de Bovino Producción (toneladas),"Es el volumen de la producción de productos pecuarios Leche de vaca) se expresa en miles de litros, resultados de la crianza de vacas",2023,440729.4,212041.9,35319.2,46157.7,1537747.8,46616.4,463510,1262218.4,11347,1515249.7,912848,91353.5,429856.9,2799040.6,434103.4,382988.2,22000.7,39597,17837.1,151658.8,462638.5,419821.7,6524.2,157371.5,98560.8,119592.7,105995.2,21699.3,84028.1,807075.2,2267.5,194941.5,,,
Económico,Leche de Bovino Valor de la Producción (miles de pesos),"Es el valor de la producción de productos pecuarios Leche de vaca) expresado en miles de pesos, resultados de la crianza de vacas",2023,3568553.21,1875074.18,288651.13,379526.81,13108912.36,388915.67,3349510.53,11829683.34,108866.33,13039809.73,7587140.59,842672.9,3328283.46,23763845.56,3593947.49,3516294.38,194954.05,326717.43,170623.96,1161155.61,3601248.22,3630123.15,49271.88,1261387.83,804046.21,1048714.31,776610.28,173799.45,695569.18,6533341.68,19394.84,1803459.54,,,
Económico,Leche de Caprino Producción (toneladas),"Es el volumen de la producción de productos pecuarios Leche de cabra) se expresa en miles de litros, resultados de la crianza de vacas",2023,NA,495.9,4448.6,39.7,46104.9,2.8,NA,7795,NA,24851.1,44852.5,NA,61.3,10165.4,NA,4241.7,NA,NA,4520.3,NA,1945.7,2948.7,13,5234.7,NA,668,NA,110.9,1776,2480.8,NA,6447.1,,,
Económico,Leche de Caprino Valor de la Producción (miles de pesos),"Es el valor de la producción de productos pecuarios Leche de cabra) expresado en miles de pesos, resultados de la crianza de ganado caprino",2023,NA,3911.08,34497.18,318.06,360900.01,21.23,NA,61395.86,NA,195069.24,358913.48,NA,495.32,81291.11,NA,33540.47,NA,NA,36669.74,NA,15385.74,23882.35,105.65,41531.38,NA,5011.59,NA,873.24,13887.64,20082.86,NA,49086.72,,,
Seguridad,Lesiones,Registra la Incidencia del delito de Lesiones.,2024,2904,4176,1501,2086,3277,1101,905,3896,6323,1618,9423,2008,3375,7752,36693,4984,2320,769,4543,2803,3781,3594,2866,2964,2570,1345,2782,2214,78,6141,165,1628,,,
Económico,Llegada de Turistas a la Entidad por Tipo de Turismo (extranjeros),Se refieren al número de visitantes internacionales que llegan durante un año determinado a un país determinado y que se quedan al menos una noche,2023,80646.6976,NA,2068482.289,NA,NA,NA,12064536.78,NA,NA,11776.46988,NA,11456126.01,636469.9964,NA,81432.82874,nd,NA,600430.2618,388195.5368,NA,NA,NA,NA,NA,879989.1079,160810.93,NA,98477.0475,NA,188743.553,318749.0394,NA,,,
Económico,Llegada de Turistas a la Entidad por Tipo de Turismo (nacionales),Se refieren al número de visitantes nacionales que llegan durante un año determinado a un país determinado y que se quedan al menos una noche,2023,688507.7134,NA,1036002.268,NA,NA,NA,64894823.16,NA,NA,680636.025,NA,134759333.2,42243846.3,NA,1814821.073,nd,NA,1878296.379,1943315.214,NA,NA,NA,NA,NA,4806788.257,1592019.855,NA,1563011.199,NA,4426674.606,1619253.547,NA,,,
Económico,Llegada de Turistas Totales a la Entidad,Se refieren al número de visitantes nacionales o internacionales que llegan durante un año determinado a un país determinado y que se quedan al menos una noche,2023,769154.411,NA,3104484.557,NA,NA,NA,76959359.94,NA,NA,692412.4948,NA,146215459.2,42880316.3,NA,1896253.902,nd,NA,2478726.641,2331510.751,NA,NA,NA,NA,NA,5686777.365,1752830.785,NA,1661488.246,NA,4615418.159,1938002.587,NA,,,
Económico,Longitud de la Red Carretera Federal,Extensión en kilómetros de la vía pública usada para el tránsito en la entidad  pertenenciente a la Red Carretera Federal administrada por la Secretaría de Comunicaciones y Transportes SCT,2023,344,1911,1197,1381,1484,447,2655,2626,NA,2608,1486,1941,756,2599,793,2698,520,1320,1254,3357,1696,861,877,2042,1316,2672,612,2268,694,3507,1333,1613,,,
Económico,Longitud de la Red de Alimentadoras estatales,"son carreteras que atendiendo a sus características geométricas y estructurales principalmente prestan servicio dentro del ámbito municipal con longitudes relativamente cortas, estableciendo conexiones con la red secundaria. como su nombre lo indica, son responsabilidad de los gobiernos de cada entidad federativa e incluyen carreteras pavimentadas y revestidas; caminos rurales y brechas.",2023,1158,3683,1832,1089,3380,858,5020,NA,NA,2683,2894,4946,2800,4601,4327,3027,1292,2068,3324,4547,5436,1152,2570,5851,3632,5090,5489,2837,1121,8138,4731,4934,,,
Económico,Longitud de la Red de Brechas Mejoradas,"Son vías modestas y en general no pavimentadas; su valor es más social que económico, pues proporcionan acceso a comunidades pequeñas que de otra manera estarían aisladas. Sin embargo, su efecto en las actividades y la calidad de vida de esas mismas comunidades es de gran trascendencia.",2023,361,4284,1718,0,0,147,59,NA,NA,930,1323,6220,2169,NA,0,4000,NA,296,12,337,0,0,0,0,0,NA,323,0,0,9344,3619,1295,,,
Económico,Longitud de la Red de Caminos Rurales,"Son aquellas vías de tierra cuya finalidad principal es la de facilitar la circulación de vehículos livianos o pesados y equipos para el transporte de bienes o personas para uso comercial y social. En este sentido, están considerados como bienes de dominio público y municipal, por lo que corresponde a los ayuntamientos su mantenimiento y reparación.",2023,516,4791,1317,2284,3639,1594,15717,NA,NA,10474,7210,6021,5290,14787,0,3114,1193,2009,2468,22873,4874,1264,2415,5223,11892,NA,4359,3233,1216,4367,2511,4456,,,
Económico,Miel (Producción toneladas),Es el volumen de la producción de productos pecuarios resultado de la actividad apicola expresado en toneladas,2023,717.4,298.1,222.2,4605.5,226.1,535.8,5892.3,495.6,85.4,293.4,734.7,2111.8,1451.7,5806.1,931.2,2055.5,2035.3,453.3,234.3,4795.2,2383.6,42.9,2727.8,1086,187.5,433,413.8,828.7,509.3,5239.8,9450.5,749.6,,,
Económico,Miel (Valor de la Producción miles de pesos),Es el valor de la producción de productos de la actividad económica apícola expresado en miles de pesos,2023,35873.59,15205.29,11661.32,134337.53,11744.42,26187.59,272454.08,24270.52,4721.78,15234.57,38189.87,104412.68,67691.26,298341.45,50588.45,111326.61,94668.7,21763.69,12227.07,212493.09,117137.69,2132.09,88195.01,54907.11,9554.02,22659.94,20851.14,39055.89,26094.99,255202.33,287819.11,35531.5,,,
Social,Mortalidad Defunciones registradas,Defunciones registradas por entidad federativa de residencia habitual de la persona fallecida,2023,7250,22463,4013,5579,19237,5587,30064,27204,65265,9857,40040,18559,17525,52671,96202,30002,15368,7068,35692,27785,41625,12597,9190,18521,16305,19673,14649,20548,7549,60145,15093,10594,,,
Social,Mortalidad Defunciones registradas en Accidentes de Tránsito,"Esta estadística mide la siniestralidad del transporte a nivel nacional, y se genera a partir del acopio y procesamiento de los datos alusivos a los accidentes ocurren en zonas no federales. Esta información contribuyó a la planeación, organización del transporte y la prevención de accidentes.",2023,93,70,36,54,108,43,108,292,298,113,183,111,50,335,482,283,79,77,255,85,282,181,88,109,289,232,28,161,79,68,57,74,,,
Género,Mujeres Preparadas #Con Lupa de Género (Porcentaje),Porcentaje de mujeres de 18 años o más que tienen al menos educación media superior,2024,49.7,56,58.8,48,51.8,54,33.9,49.3,64.1,47.7,39.3,38.6,43.7,49.7,51.7,38.7,49.4,51,54.5,34,45,48,54.3,45.8,57.4,55.6,48.4,51.6,46.7,41.9,46.5,40.8,,,
Género,Mujeres que quieren trabajar y no pueden #Con Lupa de Género (Porcentaje),"Porcentaje de trabajadoras potenciales desocupadas, subocupadas o disponibles pero no activos en la economía",2024,14.6,15.3,12.9,23.2,14.3,15.3,29.3,17.5,24.6,27.2,30,13.8,25.6,10.6,20.6,25.8,21.6,18.2,14.9,32.9,21.1,14.5,14.6,21.4,24.9,17.8,29.3,25.4,33.2,22.4,15.3,21.8,,,
Seguridad,Narco-menudeo,Registra la Incidencia del delito de Narco-menudeo.,2024,1227,5134,592,185,5084,955,71,3248,2890,449,11872,438,351,1210,1482,994,244,316,4927,295,1128,909,1442,3970,130,2043,154,89,56,1523,286,198,,,
Gobierno,Nivel de satisfacción general con los servicios públicos básicos y bajo demanda,"Mide el nivel de satisfacción de la población con respecto del agua potable, drenaje y alcantarillado, alumbrado público, parques y jardines, recolección de basura, policía, calles y avenidas, carreteras y caminos sin cuota. De igual forma, se mide la satisfacción de la población con los servicios de educación pública básica, educación pública universitaria, servicios de salud del IMSS, ISSSTE y Centros de Salud Estatales o Seguro Popular, energía eléctrica, transporte público masivo automotor, autobús de tránsito rápido, metro o tren ligero y autopistas con casetas de cuota.",2023,55.5,52.3,55.6,51.8,56.7,58.2,43,52.32,52.7,51.1,60.2,42.4,46.8,51.6,43.2,47.9,49.2,61.6,52.9,42.8,46.2,51.4,45.3,52.31,55.8,53.7,39.6,48.5,51.3,45.7,53.8,48,,,
Seguridad,Número de accidentes de Transito,Número de accidentes de Tránsito en zonas Urbanas y Suburbanas,2023,4533,14245,5475,3609,11027,6110,4055,25432,7596,10728,16674,7647,3275,14132,19091,17488,9329,2630,76615,5362,12421,10767,7728,7705,7059,25325,2578,14912,1979,10419,8864,2421,,,
Económico,Ocupación del Gobierno (Población ocupada en el gobierno como porcentaje de la población ocupada),"Porcentaje de la población ocupada en labores del gobierno, como porcentaje de la población ocupada",2021,4.1,208,5.6,7.5,3.8,5.7,3.7,3.7,5,3.9,3.2,5.5,4,2.9,4.7,3.8,3.3,6.1,4.6,3.4,2.6,4,4.6,4.2,4.2,5,7.4,4.7,3.3,3.6,5.6,5.2,,,
Económico,Oferta de Alojamiento en la Entidad (cuartos),"Son ofertas personalizadas destinadas a atraer a huéspedes y mejorar las reservas. A menudo, se diseñan en torno a temáticas particulares, como la temporada, un evento local o unas vacaciones",2023,2329106.33,NA,8766588.022,NA,NA,NA,143589354.3,NA,NA,1711617.878,NA,273743900.6,67835740.83,NA,5293530.979,nd,NA,8382191.933,6841645.675,NA,NA,NA,NA,NA,8347388.678,6078887.596,NA,8644579.58,NA,12405316.28,4678020.101,NA,,,
Género,Oferta de cuidados de adultos mayores #Con Lupa de Género,Unidades de cuidado de adultos mayores por cada 100 mil habitantes de 65 años o más,2024,16.1,12.9,5.5,16.6,9.5,30.2,4.8,22.6,10.1,7.3,11.3,3.5,4.7,19,33.3,10.6,16.5,21.9,19.7,4.9,7.7,8.6,4.3,12.4,7.4,16.9,2.2,8.4,6.9,4.5,17,10.7,,,
Económico,Patentes,Es un título de propiedad industrial que otorga el Estado a un inventor para proteger una invención original durante un período determinado.,2024,10,3,0,0,5,3,0,8,52,0,11,0,10,49,12,9,4,0,17,1,13,2,2,5,4,7,1,4,0,6,1,2,,,
Género,Percepción de inseguridad en transporte público #Con Lupa de Género (Porcentaje),Porcentaje de mujeres que dejaron de usar transporte público por temor a ser víctima de algún delito,2024,28.4,28.2,22.5,20.5,31.2,39.8,20.3,31.6,30.2,24.3,26.2,13.9,22.8,23,36.6,19.7,29.3,14.6,31.9,15.8,23.4,24.1,26.5,31.2,14.1,26.7,29.3,26,17.4,17,13.5,45.2,,,
Seguridad,Percepción Sobre el Tema de la Inseguridad,Porcentaje de la población de 18 años y más que considera que el tema de inseguridad genera mayor preocupación en la percepción de la población.,2022,57.87,63.41,47.87,54.25,54.95,70.77,43.9,67.22,47.11,67.25,46.54,58.05,62.01,71.32,54.26,68.72,46.09,66.67,41.87,63.44,63.88,64.47,59.71,50.01,60.37,57.64,57.71,65.23,54.88,45.94,71.47,73.82,,,
Seguridad,Percepción sobre Seguridad Pública Inseguro,"Porcentaje de Población de 18 años y más por entidad federativa, según percepción sobre la seguridad",2023,"50,80","73,50","30,10","63,10","37,60","79,70","77,50","67,70","76,10","45,70","87,50","81,00","62,10","74,60","87,30","79,60","90,10","43,60","72,80","68,50","75,70","54,40","79,90","74,40","54,90","71,50","84,80","75,10","63,30","79,30","30,60","87,40",,,
Seguridad,Percepción sobre Seguridad Pública Seguro,"Porcentaje de Población de 18 años y más por entidad federativa, según percepción sobre la seguridad",2023,49.71,28.18,64.84,35.47,53.68,18.09,29.17,20.47,19.05,45.62,14.69,20.6,35.61,19.88,10.02,17.86,12,52.17,32.07,23.05,20.72,42.4,20.85,21.98,36.01,22.11,20.81,23.08,34.76,17.46,61.88,7.81,,,
Género,Permisos de paternidad #Con Lupa de Género,Días de permiso de paternidad remunerados para trabajadores del gobierno estatal,2024,10,15,10,15,10,15,30,5,42,5,5,10,56,15,45,20,15,15,60,5,10,5,60,5,15,5,5,10,45,5,10,45,,,
Económico,Personal ocupado en las Unidades Económicas,"Es el conjunto de personas que trabajan en una unidad económica, ya sea de forma contractual o no, y que están sujetas a su dirección y control.",2019,487086.81,1246117.56,298218.05,292367.07,1162638.32,247980.7,1055904.82,1279444.01,4950851,486940.04,1720749.49,822393.39,691873.27,2433361.55,3346380.53,1141333.49,509484.02,355679.86,2039700.79,985203.64,1548692.82,853476.74,618179.11,786204.87,857005.33,983912.27,595282.03,1061028.1,334495.27,727591.97,416779.46,NA,,,
Medio Ambiente,Plantas Tratadoras de Aguas residuales,"Plantas de tratamiento de aguas residuales capacidad y caudal en operación del sector privado y paraestatal, por entidad federativa",2024,416,43,54,780,51,89,14,196,26,316,78,44,106,231,234,48,227,68,57,179,321,237,31,133,321,298,96,43,69,287,40,74,,,
Social,Población con Ingreso Inferior a la Línea de pobreza extrema por ingresos,Mide la Población con ingreso inferior para adquirir una canasta de alimentos básica.,2022,6.07,2.81,2.85,15.91,5.9,4.42,36.64,5.32,5.88,13.27,8.38,27.22,12,4.73,12.12,12.93,11.62,10.13,3.81,24.86,19.13,4.61,7.07,13.41,4.48,5.59,15.88,8.03,16.93,18.76,10.19,16.33,,,
Social,Población con Ingreso Inferior a la Línea de pobreza por ingresos,"Mide la Población con ingreso inferior para adquirir una canasta de alimentos, bienes y servicios básicos.",2022,32.98,18.78,17.89,51.02,28.82,27.33,70.04,25.54,32.17,43.48,41.39,63.72,46.07,29.16,52.95,46.37,47.78,35.31,25.68,61.42,60.75,29.22,32.96,42.25,28.31,27.85,50.05,37.52,62.95,57.68,45.71,53.04,,,
Económico,Población Desocupada,Personas que no tienen empleo pero están disponibles para trabajar y buscan empleo,2024,22708,50516,11277,8963,58210,7949,35205,46618,203534,24010,85214,16607,36246,89444,277176,39384,13989,13924,78264,22626,71175,32686,25937,35567,36311,53641,44510,57253,16792,69220,21568,19925,,,
Económico,Población Económicamente Activa,Es el conjunto de personas de 12 años y más que realizan algún tipo de actividad económica o que buscan activamente hacerlo durante un período de referencia,2024,675850,1845191,467275,448646,1567258,376488,2235634,1839215,5037773,853702,2919698,1592772,1483511,4060655,8440917,2288048,887155,646616,3012589,1886140,3054844,1189166,985107,1344815,1505813,1481774,1107755,1669165,685735,3440561,1230038,693704,,,
Económico,Población Ocupada,"Personas que trabajan al menos una hora durante la semana de referencia, aunque no tengan empleo ",2024,653142,1794675,455998,439683,1509048,368539,2200429,1792597,4834239,829692,2834484,1576165,1447265,3971211,8163741,2248664,873166,632692,2934325,1863514,2983669,1156480,959170,1309248,1469502,1428133,1063245,1611912,668943,3371341,1208470,673779,,,
Género,Pobreza laboral #Con Lupa de Género (Porcentaje),Porcentaje de mujeres con ingreso laboral inferior al costo de la canasta alimentaria,2024,42.1,21.6,19.1,40.2,27.2,26,66.7,26.4,32.8,37.7,41.9,63.3,47.6,27.6,35.8,38.7,47.1,31.2,25.1,60.3,43.7,38.3,25.1,39.7,27.6,31.8,42.6,34.5,50.2,53,37.5,48.5,,,
Social,Porcentaje de Abandono Escolar: Media Superior,"Es el total de alumnos que abandonan las actividades escolares antes de concluir algún grado o nivel educativo, expresado como porcentaje del total de alumnos inscritos en el ciclo escolar. El resultado se multiplica por cien.",2023-2024,6.7,9.899344292,10.52467208,10.70951898,11.77304041,9.25171328,8.911565598,10.78519002,9.881895147,10.17278537,9.648031762,9.7686043,10.05889867,0.673308324,8.121150438,10.07631576,9.800048737,12.06941399,9.490097503,9.683187508,8.429135118,10.18700634,7.81097615,14.40767275,6.274677123,8.541773847,5.896355363,8.30722749,5.795044935,6.686625452,8.208886478,8.893375206,,,
Social,Porcentaje de Abandono Escolar: Primaria,"Es el total de alumnos que abandonan las actividades escolares antes de concluir algún grado o nivel educativo, expresado como porcentaje del total de alumnos inscritos en el ciclo escolar. El resultado se multiplica por cien.",2023-2024,0.5,-0.456949059,-0.359232516,0.269473256,3.22E-02,1.263229289,1.26E-02,0.753241989,1.847874652,0.719756654,0.589520715,0.908854274,-1.52E-02,1.202645215,-9.49E-02,-0.382330147,0.676359786,-7.35E-02,0.18755299,3.39E-02,-0.316108707,0.608634451,0.287810529,-3.73E-02,7.23E-02,0.710934805,0.295302309,0.446066733,-1.76E-02,0.277380388,1.650551594,0.32291721,,,
Social,Porcentaje de Abandono Escolar: Superior,"Es el total de alumnos que abandonan las actividades escolares antes de concluir algún grado o nivel educativo, expresado como porcentaje del total de alumnos inscritos en el ciclo escolar. El resultado se multiplica por cien.",2023-2024,4.6,1.210785227,9.984294368,10.35690236,6.313733008,6.769334101,4.1176254,8.440718068,1.656297591,4.039728388,7.798380433,7.939861512,7.349508921,-4.456835671,7.541833446,9.751477774,1.271366252,4.884631354,-3.202668671,11.86777181,9.18852761,-1.645020578,9.320413107,6.981356087,12.26220421,9.947737208,7.359351389,3.457665079,2.852909415,12.33233391,9.021255251,10.34227293,,,
Seguridad,Porcentaje de delitos denunciados,Porcentaje de delitos denunciados con respecto al total de delitos ocurridos.,2023,11.01110847,18.49250171,13.50258732,15.43755196,11.64177609,13.12151942,15.44706347,10.38840254,11.09159887,12.67958439,10.90774197,4.290265183,17.82679073,13.02252499,11.103071,10.1827504,9.248613575,10.28974534,9.75096817,9.604039832,10.43583204,10.20858578,9.247148639,10.41111039,5.493995872,11.79910076,9.322114639,6.828209522,12.71898256,10.10446099,8.564584223,5.577930719,,,
Económico,Porcentaje de la población con ingreso laboral inferior al costo de la canasta alimentaria (pobreza laboral),Porcentaje de la población con ingreso laboral inferior al valor monetario de la canasta alimentaria,2024,38,20.1,15,33.8,23.8,22.8,62.5,21.3,25.9,31.1,36.7,52.3,46.3,22.1,32,35,45.4,24.1,22.2,57.9,42,34.4,23,32.9,25.4,28.6,39.2,27.6,42.4,45.9,29,47.2,,,
Social,Porcentaje de la Población en situación de Pobreza,Una persona se encuentra en situación de pobreza cuando presenta una o más carencias sociales y no tiene un ingreso suficiente para satisfacer sus necesidades.,2022,23.72,13.37,13.33,45.13,18.24,20.55,67.37,17.57,23.97,34.31,33.03,60.35,41,21.84,42.88,41.74,41.06,29.31,16.04,58.44,54.02,21.69,26.97,35.52,21.64,21.69,46.47,26.82,52.52,51.73,38.77,44.22,,,
Social,Porcentaje de la Población en situación de Pobreza Extrema,Una persona se encuentra en situación de pobreza extrema cuando presenta tres o más carencias sociales definidas anteriormente y no tiene un ingreso suficiente para adquirir una canasta alimentaria.,2022,1.76,1.31,0.76,9.64,1.8,1.21,28.21,2.1,1.71,6.3,3.24,22.23,6.78,2.12,5.96,7.53,5.85,6.43,1.07,20.23,11.4,1.72,4.15,7.41,1.81,1.71,11.16,2.86,6.75,13.14,5.6,5.13,,,
Social,Porcentaje de la Población en situación de Pobreza Moderada,"Son aquellas personas cuyo ingreso total es insuficiente para adquirir la canasta alimentaria y que, además, tienen una o dos carencias sociales.",2022,12.06,12.57,35.49,16.45,19.34,39.16,15.48,22.25,28.01,29.79,38.12,34.22,19.71,36.92,34.21,35.21,22.88,14.97,38.21,42.62,19.97,22.81,28.11,19.83,19.99,35.32,23.96,45.77,38.59,33.17,39.09,NA,,,
Social,Porcentaje de la población vulnerable por ingresos,Unidos. La fuente de información para los cuatro indicadores es la muestra del,2022,9.25,5.41,4.56,5.89,10.58,6.79,2.67,7.96,8.2,9.17,8.35,3.37,5.08,7.32,10.07,4.64,6.72,5.99,9.64,2.98,6.73,7.53,5.99,6.73,6.67,6.15,3.58,10.7,10.43,5.95,6.94,8.82,,,
Económico,Porcentaje de Ocupación en la Entidad con respecto al Porcentaje de Ocupación Nacional,El porcentaje de ocupación de un hotel es el porcentaje de habitaciones disponibles que están ocupadas. Se calcula dividiendo el número de habitaciones ocupadas por el número total de habitaciones disponibles y multiplicando el resultado por 100.,2023,39.5,NA,56.7,NA,NA,NA,37.6,NA,NA,36.7,NA,42.5,42.2,NA,20,nd,NA,46.1,39.7,NA,NA,NA,NA,NA,49.9,34.8,NA,23.1,NA,32.7,33.5,NA,,,
Económico,Producción Bruta Total,"Resultados definitivos de los Censos Económicos 2019, de todos los establecimientos productores de bienes, comercializadores de mercancías y prestadores de servicios.",2019,421977.14,615636.27,104995.82,592383.25,1241790.59,80519.13,191044.29,542572.82,4280286.81,203320.94,1364944.42,115003.57,401036.69,1390382.82,1831551.34,325855.33,232809.82,74815.46,2195663.4,334615.73,775086,670968.41,248330.24,614215.64,269789.1,679332.35,436317.54,609593.76,126912.34,885308.84,219909.61,135280.47,,,
Económico,Producción Pesquera (Peso vivo toneladas),Es el volumen de la producción resultado del cutivo de peces (pisciultura y acuacultura),2022,65173,278994350,167013581,49542778,3096,32064603,38594420,262690,NA,10098,79648,8906175,455643,9738439,82558,6547908,570721,61671856,NA,7407204,396394,363303,1943201,184690,366480357,804489203,18210366,26694264,64197,62037674,46823782,91174,,,
Económico,Producción Pesquera Valor de la Producción (Peso vivo miles de pesos),Es el valor de la producción resultado de la comercialización de productos piscicolas y acuicolas expresado en miles de pesos,2022,5108605.08,2928127867,2352418697,2020335482,99340,994229692.6,958722621.2,7593590,NA,777195.92,5563030,323270959.8,42238560.43,308609219,6501057.25,235567300.1,31873250,5085649816,NA,316316743.8,28948008.39,21296730.05,299590394.8,10813142.78,14005838973,12341485112,437970468.3,1159776046,3834913,1574929056,3381263042,3649582,,,
Económico,Productividad (pesos prod/hora trab),"Es producir más con los mismos recursos. Generalmente se mide como el incremento de la producción que no puede explicarse por mayor acumulación de recursos. Sin embargo, también puede medirse con un enfoque puramente laboral: lo que un trabajador puede producir con una hora de su trabajo.",2024,225,272,202,538,314,216,82,269,400,200,195,103,160,230,139,151,146,133,332,120,137,250,184,215,206,295,299,244,109,152,166,185,,,
Económico,Producto Interno Bruto (millones de pesos) / Porcentaje de Participación (VALORES CONSTANTES),"Es un indicador económico que mide el valor monetario de los bienes y servicios finales producidos por un país en un período determinado, como un trimestre o un año.",2023,206714.88,599221.03,141176.06,462352.56,567404.54,101360.67,268174.26,566202.56,2944607.21,200396.98,682552.36,227407.69,251437.63,1186918.96,1575492.25,406942.65,186361.9,116192.35,1344947.07,249590.95,542718.72,388480.88,257699.11,354895.98,383065.99,572000.02,502306,481559.43,94889.13,767013.24,259829.01,150781.62,,,
Social,Rezago Educativo,"El indicador de rezago educativo toma en consideración los siguientes elementos. Se observa si la persona: 1.Tiene de tres a quince años, no cuenta con la educación básica obligatoria y no asiste a un centro de educación formal. 2. Nació antes de 1982 y no cuenta con el nivel de educación obligatoria vigente en el momento en que debía haberla cursado (primaria completa). 3. Nació a partir de 1982, es mayor de 15 años y no cuenta con el nivel de educación obligatoria (secundaria completa).",2022,15.67,16.09,14.46,19.15,14.34,17.66,32.51,16.15,9.51,16.92,23.18,26.56,18.85,18.49,14.11,29.42,17.74,18.26,14.37,29.6,23.16,16.98,17.55,19.23,16.85,15.59,16.61,15.62,16.06,27.82,21.85,21.86,,,
Seguridad,Robo a Casa habitación,Registra la Incidencia del delito de Robos a casa-habitación.,2024,1055,1442,507,442,542,403,62,1133,1695,208,1598,118,508,1155,3803,464,574,141,894,330,1110,979,610,404,284,245,451,588,167,1272,35,192,,,
Seguridad,Robo a negocio,Registra la Incidencia del delito de Robo a negocios.,2024,1203,2814,307,438,345,277,64,1094,6117,278,2663,526,529,2438,10199,1106,1106,701,701,539,2117,1593,1197,706,989,377,850,1007,97,2406,58,211,,,
Seguridad,Robo a vehículo,Registra la Incidencia del delito de Robo de vehículos.,2024,956,6786,322,268,213,541,808,1844,3707,324,1938,1420,1975,6301,19852,3141,3141,1020,1020,1339,6027,2553,1829,1699,1560,1193,1500,1475,1011,2429,57,888,,,
Seguridad,Secuestro,Registra la Incidencia del delito de Secuestros.,2024,1,12,2,0,1,2,11,29,18,0,7,4,10,11,37,17,3,1,14,1,11,3,9,4,5,11,22,10,4,19,0,4,,,
Económico,Superficie Cosechada (has),La superficie cosechada es la superficie de la cual se obtiene la producción de un determinado cultivo.,2023,64312.77,160436.57,38925.57,338981.39,208434.22,170283.7,1342685.04,756600.74,14724.9,328582.86,770006.25,902336.77,429208.75,1514212.39,747520.82,1083156.45,123205.8,349228.11,279802.2,1282029.09,897885.55,90383.22,129726.94,465334.71,990177.42,544206.18,257558.13,1174878.9,232919.68,1508123.28,705405.55,482182.36,,,
Económico,Superficie Sembrada (has),Área ocupada por un cultivo o asocio de cultivos en forma compacta. En el caso de cultivos asociados el área sembrada es la misma para todas las especies que hacen parte del policultivo.,2023,87316.12,161449.3,41894.85,343294.09,223065.03,173955.72,1357044.79,989227.35,14876,539424.44,902058.2,923572.6,469753.04,1676130.59,750200.39,1200028.84,143784.3,380405.81,297564.7,1369474.19,918001.15,115384.47,135932.74,568215.47,1016995.13,562795.14,260211.03,1233267.19,234141.68,1551139.39,712005.26,670985.61,,,
Económico,Tasa de Condiciones Críticas de Ocupación,"Porcentaje de la población ocupada que representan los ocupados que se encuentran trabajando menos de 35 horas a la semana por razones de mercado, los que trabajan más de 35 horas semanales con ingresos mensuales de hasta un salario mínimo y los que laboran más de 48 horas",2024,23.3151,30.595,20.6641,37.5323,29.1443,22.7924,49.1325,30.2877,30.1888,32.7359,34.8752,33.7138,34.8082,20.7074,38.8847,33.4416,26.456,26.9814,21.6979,32.8799,44.0617,25.2118,29.4728,29.2439,21.8475,25.7187,37.2175,40.8345,44.9219,41.8772,33.6397,32.5886,,,
Económico,Tasa de Desocupación,Porcentaje de la población económicamente activa (PEA) que se encuentra desocupada,2024,3.3599,2.7377,2.4134,1.9978,3.7141,2.1114,1.5747,2.5347,4.0402,2.8125,2.9186,1.0426,2.4433,2.2027,3.2837,1.7213,1.5768,2.1534,2.5979,1.1996,2.3299,2.7486,2.6329,2.6448,2.4114,3.6201,4.018,3.43,2.4488,2.0119,1.7534,2.8723,,,
Seguridad,Tasa de homicidios,Tasa de Homicidio por cada 100 mil habitantes por entidad federativa,2023,93,70,36,54,108,43,108,292,298,113,183,111,50,335,482,283,79,77,255,85,282,181,88,109,289,232,28,161,79,68,57,74,,,
Gobierno,Tasa de incidencia de la corrupción,"La tasa se calcula dividiendo el total de actos de corrupción en la entidad federativa de residencia entre la población de 18, años y más que habita en áreas urbanas de cien mil habitantes y más que tuvo contacto con algún servidor público, multiplicada por 100 000 habitantes.",2023,18678.13,21607.97,14819.56,15659.2,20289.11,16248.62,18288.87,31903.88,28777.23,32459.66,27642.11,45214.84,30353.26,24390.81,25856.49,21412.93,23742.46,15529.29,24116.43,27315.05,19491.5,25822.45,25623.72,27001.48,29554.03,36278.58,31307.99,18671.24,24548.36,26199.46,16184.38,24533.69,,,
Seguridad,Tasa de Incidencia Delictiva (100 mil hab),"Permite medir la tasa de delitos por cada 100,000 habitantes para la población de 18 años y más, según la entidad federativa en que ocurrió el delito.",2023,45262,31198,25661,31793,24661,28522,16038,29090,52723,18230,26620,23989,26894,31731,51881,19688,36278,23607,28171,18575,38642,40755,30294,31764,29984,37613,38004,25129,28576,20272,24952,27007,,,
Económico,Tasa de Informalidad Laboral,Porcentaje de la población ocupada que se clasifica como informal.,2024,40.3551,36.548,36.9245,58.0659,35.0424,46.3457,74.7536,35.5757,45.3155,48.9354,53.4974,77.2533,72.8543,48.087,53.1626,65.8171,66.9937,58.4574,35.3551,80.2426,69.652,42.5828,44.8088,53.611,47.7809,42.4798,63.2655,42.1703,69.1135,68.2732,59.9502,60.9719,,,
Económico,Tasa de Ocupación en el Sector Informal,Se refiere al porcentaje de la población ocupada que laboral en el sector informal.,2024,20.549,17.5296,18.1284,27.2615,21.4777,17.3271,27.0714,15.1516,27.2681,24.2829,26.4331,38.7105,36.2302,24.945,33.2367,33.6474,36.2954,27.6266,20.6054,39.9098,33.6942,23.4678,21.0966,26.5161,23.9289,21.5091,32.2867,21.6268,39.3035,31.3846,33.5783,26.212,,,
Social,Tasa de Ocupación no Permitida porcentaje respecto a la población de 5 a 17 años),"Ocupación no permitida. Comprende a las personas de 5 a 17 años que realizan ocupaciones y actividades que no están permitidas porque ponen en riesgo su salud, afectan su desarrollo o bien se llevan a cabo por debajo de la edad mínima permitida para trabajar, de acuerdo a la Ley Federal del Trabajo (LFT).",2022,6.7,3.4,5.7,6.6,3.9,8.7,13.5,5.1,2.5,7.3,9,15.2,8.4,8.6,5.1,9.2,5.9,12.6,4.2,11.8,10.4,4.1,4.3,7.6,5.4,5.5,6.7,4.6,6.2,8.7,9.3,9.3,,,
Económico,Tasa de Ocupación Parcial y Desocupación,Proporción de la PEA que se encuentra desocupada abierta o que está ocupada pero trabajó menos de 15 horas en la semana de referencia,2024,6.2609,6.9565,9.1437,10.4405,8.8571,8.8462,7.5945,6.5952,10.7483,10.0769,8.9666,10.1554,12.101,5.3373,7.87,9.087,6.4511,9.8522,7.2256,12.1971,8.3426,6.217,8.8957,10.9093,11.465,9.6531,14.115,11.099,9.2772,9.7059,11.7754,10.8959,,,
Económico,Tasa de Participación,Es un indicador que muestra la proporción de una población en edad de trabajar que participa activamente en el mercado laboral.,2024,58.2949,60.7063,68.7984,61.7215,61.4564,65.389,54.4361,61.6164,62.8506,59.9147,60.2899,60.8033,59.2424,59.8796,60.1638,61.6121,56.0006,66.4063,61.6225,58.7033,61.4653,58.9737,65.667,60.6207,62.02,61.8849,57.2476,60.5709,61.4907,54.479,65.9196,55.8002,,,
Económico,Tasa de Presión General,Mide el porcentaje que representa la población desocupada abierta y los ocupados que buscan trabajo con el propósito de cambiarse o tener un empleo adicional con respecto a la Población Económicamente Activa.,2024,4.915,4.3542,7.0939,6.3429,6.0668,4.9178,5.469,5.518,8.8467,6.6588,5.3276,2.6387,5.7909,2.6879,5.4013,4.888,3.1307,4.8808,5.474,5.4573,5.1612,3.57,5.3728,6.3255,5.1677,7.5284,8.965,7.5453,6.1448,4.3186,5.2518,6.859,,,
Gobierno,Tasa de prevalencia de la corrupción,"Usuarios que experimentaron algún acto de corrupción en al menos uno de los trámites que realizaron. La tasa se calcula dividiendo el total víctimas de corrupción usuarias de trámites, pagos, solicitudes o contacto con autoridades entre la población nacional de 18 años y más que reside en zonas urbanas y que tuvo contacto con algún servidor público multiplicada por 100 000 habitantes.",2023,11950.55,14643.66,10521.66,11801.78,11464,10262.1,12600.12,21891.31,15738.95,15321.66,10888.55,18278.58,13107.49,14580.13,12030.57,12597.31,13679.5,9459.68,13354.14,16711.7,11896.77,12359.02,16953.72,15616.57,17727.77,16124.34,17938.18,12709.78,15241.72,13704.52,11419.04,8911.61,,,
Seguridad,Tasa de Prevalencia delictiva,Registra la tasa de prevalencia delictiva por cada 100 mil habitantes.,2023,32798,23796,21621,22560,19371,21206,14139,22565,32497,16375,19420,15602,21164,24793,32971,14993,25820,17.382,24980,13274,25196,27735,22190,23591,20839,26298,25688,18104,23025,15487,19167,16422,,,
Social,Tasa de Quehaceres Domésticos en Condiciones no Adecuadas (porcentaje respecto a la población de 5 a 17 años),Los quehaceres domésticos en condiciones no adecuadas son actividades dirigidas a la producción de bienes y servicios para el consumo de los miembros del hogar. Estas actividades no tienen una remuneración y afectan la salud o integridad física de quienes las realizan.,2022,5.7,3.5,8.3,6.8,3,9.7,9.1,5.7,1.7,7,8.3,12.9,7.8,8,4.2,10.6,5,8.1,4.7,8.4,9.5,3.3,3.1,8.1,3.8,5.9,9.9,4.8,4.7,8.7,7.5,8.9,,,
Económico,Tasa de Subocupación,Es un porcentaje que se calcula dividiendo la población subocupada por la población económicamente activa (PEA). Se refiere al porcentaje de personas ocupadas que trabajan menos horas de las que desearían y están disponibles para trabajar más. ,2024,2.158,2.791,8.9171,11.2502,3.4398,4.5064,7.3537,5.4046,9.6155,5.88,11.3135,6.4522,11.0087,1.8158,7.4045,9.7109,4.3886,6.2734,3.6708,15.3421,8.1923,2.1035,4.5254,8.0006,8.7195,5.4976,11.008,11.0344,10.8604,8.473,7.9217,9.3413,,,
Económico,Tasa de Trabajo Asalariado,"Se refiere al porcentaje de la población ocupada que percibe de la unidad económica para la que trabaja un sueldo, salario o jornal, por las actividades realizadas.",2024,76.8579,72.9279,76.1433,61.6365,77.3256,68.0454,46.9962,75.8447,69.4959,71.5955,69.4321,43.8131,60.6503,71.2372,67.6674,61.6728,62.3309,63.1227,78.9874,42.8551,59.7411,69.3927,70.5725,66.8997,67.678,71.2436,67.4433,71.9109,63.0779,61.4096,65.5449,65.7451,,,
Social,Tasa de Trabajo Infantil (porcentaje respecto a la población de 5 a 17 años),"Se considera trabajo infantil cuando niñas, niños y adolescentes de 5 a 17 años participan en una o más formas de trabajo no permitidas. Se clasifica como ocupación no permitida a la que realizan personas de este grupo de edad en la producción de bienes y servicios destinados al mercado, o en ocupaciones de sectores económicos, lugares o actividades peligrosas. Asimismo, incluye a quienes realizan quehaceres domésticos no remunerados en sus propios hogares en condiciones no adecuadas, lo que incluye a niñas, niños y adolescentes que las realizan durante horarios prolongados o en condiciones peligrosas o riesgosas.",2022,11.6,6.5,13,12.6,6.4,17,20.8,10.1,4,13.1,15.9,24.5,15.5,15.4,8.8,18,10.4,19.1,8.7,18.5,17.9,7.1,6.9,14.4,8.8,10.6,15.1,8.7,10,16.3,15,16.7,,,
Económico,Trabajadores Asegurados Permanentes por el IMSS,"Total de trabajadores afiliados al IMSS mensual, de los puestos de trabajo registrados por los patrones, de su salario base de cotización y de los asegurados registrados sin un empleo asociado.",2024,364234,1037640,227117,139661,877618,154022,264505,981314,3548439,260644,1130866,168167,286729,2053893,1913181,492326,222388,187254,1959759,239586,669873,720698,52797,488884,605911,666917,215775,700548,117886,782547,443612,193674,,,
Económico,Unidades Económicas,"Las unidades económicas son personas físicas o jurídicas que realizan actividades de producción, intermediación o consumo. Se pueden clasificar de acuerdo con su ubicación, sector económico y otros criterios",2019,67313.58,127075.23,37718.13,50886.01,117978.82,41278.85,304825.13,133240.28,459651,88534.74,314325.69,244355.33,180358.99,397119.5,767547,311008.27,121094.49,75926.83,180143.17,318594.86,405110.7,115532.47,70224.98,148766.77,137582.96,123700.69,128327.16,141176.62,89075.65,142976.86,93504.17,NA,,,
Económico,Valor de la Producción,El valor de la producción agrícola es el precio promedio multiplicado por el volumen producido de los productos agrícolas cíclicos y perennes.,2023,4727089.09,26952121.24,7596906.74,9536674.73,9766798.64,13133313.03,23048612.76,59475879.75,1768325.97,13243708.1,52152921.28,21254637.61,10150740.33,112334573.9,34986565.12,115748816.3,10436445.73,16859588.17,6389701.63,29701729.51,27527954.47,6073358.94,4948297.68,26475216.72,80187227.86,68167934.91,8670761.15,27064556.55,4813954.33,56861112.19,7449557.43,24371939.93,,,
Seguridad,Violación,Registra la Incidencia del delito de Violación.,2024,155,370,133,56,44,96,128,710,441,165,529,109,281,294,1525,224,260,196,602,233,237,271,432,359,179,87,179,305,5,245,27,97,,,
Seguridad,Violencia familiar,Registra la Incidencia de casos de violencia familiar.,2024,1934,8803,1869,996,7870,2440,561,8478,22249,3005,9585,1767,4250,8745,16828,806,3470,1477,11513,3819,5488,3420,4182,5741,4581,4611,4630,4945,14,6788,189,2265,,,
Económico,Volumen de la Producción (toneladas),El volumen de producción agrícola es un indicador que se calcula como la relación entre la producción anual y el número de días laborables en un año.,2023,2404322.45,2591451.2,797586.87,2622703.61,5085383.65,3692806.62,9331138.67,8592606.51,18755221.77,8036972.21,11129858.39,6855761.2,6895026.57,88460804.09,63110063.82,23509639.28,14170733.27,146672927.2,3434863.17,23652202.7,17205860.05,1943569.96,2427199.6,11271502.53,12423764.07,7453667.7,3828516.05,8738272.4,29614172.79,31765455.99,6059536.95,6041121.58,,,
Medio Ambiente,Volumen tratado en las PTARs  (Millones m3),Volumen tratamiento de millones de metros cubicos en las plantas de tratamientos en operación.,2024,112.6196,157.761155,72.8677,174.4565213,151.217332,64.82108,27.448914,223.405,79,82.8113,4468.63,47.10041808,61.6308931,337.7047714,141.034158,92.460399,108.1808409,1651.3,322.237,6.600415,225.8566,74.52900038,57.678,83.13846,180.12,226.5041664,45.5838464,125.305458,36.25725456,314.8932583,24.91,5.92132145,,,
